cms_certification_number_ccn,facility_name,address_line_1,address_line_2,city,state,zip_code,county_name,phone_number,cms_region,measure_code,score,footnote,start_date,end_date
33T027,NASSAU UNIVERSITY MEDICAL CENTER,2201 HEMPSTEAD TURNPIKE,,EAST MEADOW,NY,11554,Nassau,(516) 572-6713,2,I_006_01_CI_LOWER,Not Available,7,01/01/2019,12/31/2019
33T027,NASSAU UNIVERSITY MEDICAL CENTER,2201 HEMPSTEAD TURNPIKE,,EAST MEADOW,NY,11554,Nassau,(516) 572-6713,2,I_006_01_CI_UPPER,Not Available,7,01/01/2019,12/31/2019
33T027,NASSAU UNIVERSITY MEDICAL CENTER,2201 HEMPSTEAD TURNPIKE,,EAST MEADOW,NY,11554,Nassau,(516) 572-6713,2,I_006_01_COMP_PERF,Not Available,7,01/01/2019,12/31/2019
33T027,NASSAU UNIVERSITY MEDICAL CENTER,2201 HEMPSTEAD TURNPIKE,,EAST MEADOW,NY,11554,Nassau,(516) 572-6713,2,I_006_01_DOPC_DAYS,198,,01/01/2019,12/31/2019
33T027,NASSAU UNIVERSITY MEDICAL CENTER,2201 HEMPSTEAD TURNPIKE,,EAST MEADOW,NY,11554,Nassau,(516) 572-6713,2,I_006_01_ELIGCASES,0.330,,01/01/2019,12/31/2019
33T027,NASSAU UNIVERSITY MEDICAL CENTER,2201 HEMPSTEAD TURNPIKE,,EAST MEADOW,NY,11554,Nassau,(516) 572-6713,2,I_006_01_NUMERATOR,2,,01/01/2019,12/31/2019
33T027,NASSAU UNIVERSITY MEDICAL CENTER,2201 HEMPSTEAD TURNPIKE,,EAST MEADOW,NY,11554,Nassau,(516) 572-6713,2,I_006_01_SIR,Not Available,7,01/01/2019,12/31/2019
33T027,NASSAU UNIVERSITY MEDICAL CENTER,2201 HEMPSTEAD TURNPIKE,,EAST MEADOW,NY,11554,Nassau,(516) 572-6713,2,I_008_02_DENOMINATOR,215,,07/01/2020,03/31/2021
33T027,NASSAU UNIVERSITY MEDICAL CENTER,2201 HEMPSTEAD TURNPIKE,,EAST MEADOW,NY,11554,Nassau,(516) 572-6713,2,I_008_02_NUMERATOR,214,,07/01/2020,03/31/2021
33T027,NASSAU UNIVERSITY MEDICAL CENTER,2201 HEMPSTEAD TURNPIKE,,EAST MEADOW,NY,11554,Nassau,(516) 572-6713,2,I_008_02_OBS_RATE,99.5,,07/01/2020,03/31/2021
33T027,NASSAU UNIVERSITY MEDICAL CENTER,2201 HEMPSTEAD TURNPIKE,,EAST MEADOW,NY,11554,Nassau,(516) 572-6713,2,I_009_04_ADJ_CHG_SFCR_SCORE,7.5,,07/01/2020,03/31/2021
33T027,NASSAU UNIVERSITY MEDICAL CENTER,2201 HEMPSTEAD TURNPIKE,,EAST MEADOW,NY,11554,Nassau,(516) 572-6713,2,I_009_04_DENOMINATOR,172,,07/01/2020,03/31/2021
33T027,NASSAU UNIVERSITY MEDICAL CENTER,2201 HEMPSTEAD TURNPIKE,,EAST MEADOW,NY,11554,Nassau,(516) 572-6713,2,I_009_04_OBS_CHG_SFCR_SCORE,9.3,,07/01/2020,03/31/2021
33T027,NASSAU UNIVERSITY MEDICAL CENTER,2201 HEMPSTEAD TURNPIKE,,EAST MEADOW,NY,11554,Nassau,(516) 572-6713,2,I_010_04_ADJ_CHG_MOBL_SCORE,24.7,,07/01/2020,03/31/2021
33T027,NASSAU UNIVERSITY MEDICAL CENTER,2201 HEMPSTEAD TURNPIKE,,EAST MEADOW,NY,11554,Nassau,(516) 572-6713,2,I_010_04_DENOMINATOR,172,,07/01/2020,03/31/2021
33T027,NASSAU UNIVERSITY MEDICAL CENTER,2201 HEMPSTEAD TURNPIKE,,EAST MEADOW,NY,11554,Nassau,(516) 572-6713,2,I_010_04_OBS_CHG_MOBL_SCORE,28.0,,07/01/2020,03/31/2021
33T027,NASSAU UNIVERSITY MEDICAL CENTER,2201 HEMPSTEAD TURNPIKE,,EAST MEADOW,NY,11554,Nassau,(516) 572-6713,2,I_011_04_DENOMINATOR,172,,07/01/2020,03/31/2021
33T027,NASSAU UNIVERSITY MEDICAL CENTER,2201 HEMPSTEAD TURNPIKE,,EAST MEADOW,NY,11554,Nassau,(516) 572-6713,2,I_011_04_NUMERATOR,41,,07/01/2020,03/31/2021
33T027,NASSAU UNIVERSITY MEDICAL CENTER,2201 HEMPSTEAD TURNPIKE,,EAST MEADOW,NY,11554,Nassau,(516) 572-6713,2,I_011_04_OBS_RATE,23.8,,07/01/2020,03/31/2021
33T027,NASSAU UNIVERSITY MEDICAL CENTER,2201 HEMPSTEAD TURNPIKE,,EAST MEADOW,NY,11554,Nassau,(516) 572-6713,2,I_012_04_DENOMINATOR,172,,07/01/2020,03/31/2021
33T027,NASSAU UNIVERSITY MEDICAL CENTER,2201 HEMPSTEAD TURNPIKE,,EAST MEADOW,NY,11554,Nassau,(516) 572-6713,2,I_012_04_NUMERATOR,67,,07/01/2020,03/31/2021
33T027,NASSAU UNIVERSITY MEDICAL CENTER,2201 HEMPSTEAD TURNPIKE,,EAST MEADOW,NY,11554,Nassau,(516) 572-6713,2,I_012_04_OBS_RATE,39.0,,07/01/2020,03/31/2021
33T027,NASSAU UNIVERSITY MEDICAL CENTER,2201 HEMPSTEAD TURNPIKE,,EAST MEADOW,NY,11554,Nassau,(516) 572-6713,2,I_013_01_DENOMINATOR,215,,07/01/2020,03/31/2021
33T027,NASSAU UNIVERSITY MEDICAL CENTER,2201 HEMPSTEAD TURNPIKE,,EAST MEADOW,NY,11554,Nassau,(516) 572-6713,2,I_013_01_NUMERATOR,0,,07/01/2020,03/31/2021
33T027,NASSAU UNIVERSITY MEDICAL CENTER,2201 HEMPSTEAD TURNPIKE,,EAST MEADOW,NY,11554,Nassau,(516) 572-6713,2,I_013_01_OBS_RATE,0.0,,07/01/2020,03/31/2021
33T027,NASSAU UNIVERSITY MEDICAL CENTER,2201 HEMPSTEAD TURNPIKE,,EAST MEADOW,NY,11554,Nassau,(516) 572-6713,2,I_015_01_CI_LOWER,0.032,,01/01/2019,12/31/2019
33T027,NASSAU UNIVERSITY MEDICAL CENTER,2201 HEMPSTEAD TURNPIKE,,EAST MEADOW,NY,11554,Nassau,(516) 572-6713,2,I_015_01_CI_UPPER,3.116,,01/01/2019,12/31/2019
33T027,NASSAU UNIVERSITY MEDICAL CENTER,2201 HEMPSTEAD TURNPIKE,,EAST MEADOW,NY,11554,Nassau,(516) 572-6713,2,I_015_01_COMP_PERF,No Different than the National Benchmark,,01/01/2019,12/31/2019
33T027,NASSAU UNIVERSITY MEDICAL CENTER,2201 HEMPSTEAD TURNPIKE,,EAST MEADOW,NY,11554,Nassau,(516) 572-6713,2,I_015_01_DOPC_DAYS,5293,,01/01/2019,12/31/2019
33T027,NASSAU UNIVERSITY MEDICAL CENTER,2201 HEMPSTEAD TURNPIKE,,EAST MEADOW,NY,11554,Nassau,(516) 572-6713,2,I_015_01_ELIGCASES,1.583,,01/01/2019,12/31/2019
33T027,NASSAU UNIVERSITY MEDICAL CENTER,2201 HEMPSTEAD TURNPIKE,,EAST MEADOW,NY,11554,Nassau,(516) 572-6713,2,I_015_01_NUMERATOR,1,,01/01/2019,12/31/2019
33T027,NASSAU UNIVERSITY MEDICAL CENTER,2201 HEMPSTEAD TURNPIKE,,EAST MEADOW,NY,11554,Nassau,(516) 572-6713,2,I_015_01_SIR,0.632,,01/01/2019,12/31/2019
33T027,NASSAU UNIVERSITY MEDICAL CENTER,2201 HEMPSTEAD TURNPIKE,,EAST MEADOW,NY,11554,Nassau,(516) 572-6713,2,I_016_01_DENOMINATOR,106,,10/01/2018,03/31/2019
33T027,NASSAU UNIVERSITY MEDICAL CENTER,2201 HEMPSTEAD TURNPIKE,,EAST MEADOW,NY,11554,Nassau,(516) 572-6713,2,I_016_01_NUMERATOR,97,,10/01/2018,03/31/2019
33T027,NASSAU UNIVERSITY MEDICAL CENTER,2201 HEMPSTEAD TURNPIKE,,EAST MEADOW,NY,11554,Nassau,(516) 572-6713,2,I_016_01_OBS_RATE,91.5,,10/01/2018,03/31/2019
33T027,NASSAU UNIVERSITY MEDICAL CENTER,2201 HEMPSTEAD TURNPIKE,,EAST MEADOW,NY,11554,Nassau,(516) 572-6713,2,I_017_01_PPR_PD_COMP_PERF,No Different than the National Rate,,10/01/2017,09/30/2019
33T027,NASSAU UNIVERSITY MEDICAL CENTER,2201 HEMPSTEAD TURNPIKE,,EAST MEADOW,NY,11554,Nassau,(516) 572-6713,2,I_017_01_PPR_PD_OBS,6.84,,10/01/2017,09/30/2019
33T027,NASSAU UNIVERSITY MEDICAL CENTER,2201 HEMPSTEAD TURNPIKE,,EAST MEADOW,NY,11554,Nassau,(516) 572-6713,2,I_017_01_PPR_PD_OBS_READM,24,,10/01/2017,09/30/2019
33T027,NASSAU UNIVERSITY MEDICAL CENTER,2201 HEMPSTEAD TURNPIKE,,EAST MEADOW,NY,11554,Nassau,(516) 572-6713,2,I_017_01_PPR_PD_RSRR,7.29,,10/01/2017,09/30/2019
33T027,NASSAU UNIVERSITY MEDICAL CENTER,2201 HEMPSTEAD TURNPIKE,,EAST MEADOW,NY,11554,Nassau,(516) 572-6713,2,I_017_01_PPR_PD_RSRR_2_5,5.88,,10/01/2017,09/30/2019
33T027,NASSAU UNIVERSITY MEDICAL CENTER,2201 HEMPSTEAD TURNPIKE,,EAST MEADOW,NY,11554,Nassau,(516) 572-6713,2,I_017_01_PPR_PD_RSRR_97_5,9.06,,10/01/2017,09/30/2019
33T027,NASSAU UNIVERSITY MEDICAL CENTER,2201 HEMPSTEAD TURNPIKE,,EAST MEADOW,NY,11554,Nassau,(516) 572-6713,2,I_017_01_PPR_PD_VOLUME,351,,10/01/2017,09/30/2019
33T027,NASSAU UNIVERSITY MEDICAL CENTER,2201 HEMPSTEAD TURNPIKE,,EAST MEADOW,NY,11554,Nassau,(516) 572-6713,2,I_018_01_PPR_WI_COMP_PERF,Worse than the National Rate,,10/01/2017,09/30/2019
33T027,NASSAU UNIVERSITY MEDICAL CENTER,2201 HEMPSTEAD TURNPIKE,,EAST MEADOW,NY,11554,Nassau,(516) 572-6713,2,I_018_01_PPR_WI_OBS,7.92,,10/01/2017,09/30/2019
33T027,NASSAU UNIVERSITY MEDICAL CENTER,2201 HEMPSTEAD TURNPIKE,,EAST MEADOW,NY,11554,Nassau,(516) 572-6713,2,I_018_01_PPR_WI_OBS_READM,32,,10/01/2017,09/30/2019
33T027,NASSAU UNIVERSITY MEDICAL CENTER,2201 HEMPSTEAD TURNPIKE,,EAST MEADOW,NY,11554,Nassau,(516) 572-6713,2,I_018_01_PPR_WI_RSRR,6.49,,10/01/2017,09/30/2019
33T027,NASSAU UNIVERSITY MEDICAL CENTER,2201 HEMPSTEAD TURNPIKE,,EAST MEADOW,NY,11554,Nassau,(516) 572-6713,2,I_018_01_PPR_WI_RSRR_2_5,4.81,,10/01/2017,09/30/2019
33T027,NASSAU UNIVERSITY MEDICAL CENTER,2201 HEMPSTEAD TURNPIKE,,EAST MEADOW,NY,11554,Nassau,(516) 572-6713,2,I_018_01_PPR_WI_RSRR_97_5,8.61,,10/01/2017,09/30/2019
33T027,NASSAU UNIVERSITY MEDICAL CENTER,2201 HEMPSTEAD TURNPIKE,,EAST MEADOW,NY,11554,Nassau,(516) 572-6713,2,I_018_01_PPR_WI_VOLUME,404,,10/01/2017,09/30/2019
33T027,NASSAU UNIVERSITY MEDICAL CENTER,2201 HEMPSTEAD TURNPIKE,,EAST MEADOW,NY,11554,Nassau,(516) 572-6713,2,I_019_02_DTC_COMP_PERF,Worse than the National Rate,,10/01/2017,09/30/2019
33T027,NASSAU UNIVERSITY MEDICAL CENTER,2201 HEMPSTEAD TURNPIKE,,EAST MEADOW,NY,11554,Nassau,(516) 572-6713,2,I_019_02_DTC_NUMBER,146,,10/01/2017,09/30/2019
33T027,NASSAU UNIVERSITY MEDICAL CENTER,2201 HEMPSTEAD TURNPIKE,,EAST MEADOW,NY,11554,Nassau,(516) 572-6713,2,I_019_02_DTC_OBS_RATE,36.96,,10/01/2017,09/30/2019
33T027,NASSAU UNIVERSITY MEDICAL CENTER,2201 HEMPSTEAD TURNPIKE,,EAST MEADOW,NY,11554,Nassau,(516) 572-6713,2,I_019_02_DTC_RS_RATE,41.27,,10/01/2017,09/30/2019
33T027,NASSAU UNIVERSITY MEDICAL CENTER,2201 HEMPSTEAD TURNPIKE,,EAST MEADOW,NY,11554,Nassau,(516) 572-6713,2,I_019_02_DTC_RS_RATE_2_5,36.77,,10/01/2017,09/30/2019
33T027,NASSAU UNIVERSITY MEDICAL CENTER,2201 HEMPSTEAD TURNPIKE,,EAST MEADOW,NY,11554,Nassau,(516) 572-6713,2,I_019_02_DTC_RS_RATE_97_5,45.81,,10/01/2017,09/30/2019
33T027,NASSAU UNIVERSITY MEDICAL CENTER,2201 HEMPSTEAD TURNPIKE,,EAST MEADOW,NY,11554,Nassau,(516) 572-6713,2,I_019_02_DTC_VOLUME,395,,10/01/2017,09/30/2019
33T027,NASSAU UNIVERSITY MEDICAL CENTER,2201 HEMPSTEAD TURNPIKE,,EAST MEADOW,NY,11554,Nassau,(516) 572-6713,2,I_020_01_MSPB_NUMB,326,,10/01/2017,09/30/2019
33T027,NASSAU UNIVERSITY MEDICAL CENTER,2201 HEMPSTEAD TURNPIKE,,EAST MEADOW,NY,11554,Nassau,(516) 572-6713,2,I_020_01_MSPB_SCORE,1.16,,10/01/2017,09/30/2019
33T027,NASSAU UNIVERSITY MEDICAL CENTER,2201 HEMPSTEAD TURNPIKE,,EAST MEADOW,NY,11554,Nassau,(516) 572-6713,2,I_021_01_DENOMINATOR,215,,07/01/2020,03/31/2021
33T027,NASSAU UNIVERSITY MEDICAL CENTER,2201 HEMPSTEAD TURNPIKE,,EAST MEADOW,NY,11554,Nassau,(516) 572-6713,2,I_021_01_NUMERATOR,215,,07/01/2020,03/31/2021
33T027,NASSAU UNIVERSITY MEDICAL CENTER,2201 HEMPSTEAD TURNPIKE,,EAST MEADOW,NY,11554,Nassau,(516) 572-6713,2,I_021_01_OBS_RATE,100.0,,07/01/2020,03/31/2021
33T027,NASSAU UNIVERSITY MEDICAL CENTER,2201 HEMPSTEAD TURNPIKE,,EAST MEADOW,NY,11554,Nassau,(516) 572-6713,2,I_022_01_ADJ_RATE,0.0,,07/01/2020,03/31/2021
33T027,NASSAU UNIVERSITY MEDICAL CENTER,2201 HEMPSTEAD TURNPIKE,,EAST MEADOW,NY,11554,Nassau,(516) 572-6713,2,I_022_01_DENOMINATOR,213,,07/01/2020,03/31/2021
33T027,NASSAU UNIVERSITY MEDICAL CENTER,2201 HEMPSTEAD TURNPIKE,,EAST MEADOW,NY,11554,Nassau,(516) 572-6713,2,I_022_01_NUMERATOR,0,,07/01/2020,03/31/2021
33T027,NASSAU UNIVERSITY MEDICAL CENTER,2201 HEMPSTEAD TURNPIKE,,EAST MEADOW,NY,11554,Nassau,(516) 572-6713,2,I_022_01_OBS_RATE,0.0,,07/01/2020,03/31/2021
33T181,GLEN COVE HOSPITAL,101 ST. ANDREWS LANE,,GLEN COVE,NY,11542,Nassau,(516) 458-9330,2,I_006_01_CI_LOWER,Not Available,6,01/01/2019,12/31/2019
33T181,GLEN COVE HOSPITAL,101 ST. ANDREWS LANE,,GLEN COVE,NY,11542,Nassau,(516) 458-9330,2,I_006_01_CI_UPPER,1.036,,01/01/2019,12/31/2019
33T181,GLEN COVE HOSPITAL,101 ST. ANDREWS LANE,,GLEN COVE,NY,11542,Nassau,(516) 458-9330,2,I_006_01_COMP_PERF,No Different than the National Benchmark,,01/01/2019,12/31/2019
33T181,GLEN COVE HOSPITAL,101 ST. ANDREWS LANE,,GLEN COVE,NY,11542,Nassau,(516) 458-9330,2,I_006_01_DOPC_DAYS,1061,,01/01/2019,12/31/2019
33T181,GLEN COVE HOSPITAL,101 ST. ANDREWS LANE,,GLEN COVE,NY,11542,Nassau,(516) 458-9330,2,I_006_01_ELIGCASES,2.891,,01/01/2019,12/31/2019
33T181,GLEN COVE HOSPITAL,101 ST. ANDREWS LANE,,GLEN COVE,NY,11542,Nassau,(516) 458-9330,2,I_006_01_NUMERATOR,0,,01/01/2019,12/31/2019
33T181,GLEN COVE HOSPITAL,101 ST. ANDREWS LANE,,GLEN COVE,NY,11542,Nassau,(516) 458-9330,2,I_006_01_SIR,0.000,,01/01/2019,12/31/2019
33T181,GLEN COVE HOSPITAL,101 ST. ANDREWS LANE,,GLEN COVE,NY,11542,Nassau,(516) 458-9330,2,I_008_02_DENOMINATOR,672,,07/01/2020,03/31/2021
33T181,GLEN COVE HOSPITAL,101 ST. ANDREWS LANE,,GLEN COVE,NY,11542,Nassau,(516) 458-9330,2,I_008_02_NUMERATOR,671,,07/01/2020,03/31/2021
33T181,GLEN COVE HOSPITAL,101 ST. ANDREWS LANE,,GLEN COVE,NY,11542,Nassau,(516) 458-9330,2,I_008_02_OBS_RATE,99.9,,07/01/2020,03/31/2021
33T181,GLEN COVE HOSPITAL,101 ST. ANDREWS LANE,,GLEN COVE,NY,11542,Nassau,(516) 458-9330,2,I_009_04_ADJ_CHG_SFCR_SCORE,11.4,,07/01/2020,03/31/2021
33T181,GLEN COVE HOSPITAL,101 ST. ANDREWS LANE,,GLEN COVE,NY,11542,Nassau,(516) 458-9330,2,I_009_04_DENOMINATOR,567,,07/01/2020,03/31/2021
33T181,GLEN COVE HOSPITAL,101 ST. ANDREWS LANE,,GLEN COVE,NY,11542,Nassau,(516) 458-9330,2,I_009_04_OBS_CHG_SFCR_SCORE,12.0,,07/01/2020,03/31/2021
33T181,GLEN COVE HOSPITAL,101 ST. ANDREWS LANE,,GLEN COVE,NY,11542,Nassau,(516) 458-9330,2,I_010_04_ADJ_CHG_MOBL_SCORE,25.2,,07/01/2020,03/31/2021
33T181,GLEN COVE HOSPITAL,101 ST. ANDREWS LANE,,GLEN COVE,NY,11542,Nassau,(516) 458-9330,2,I_010_04_DENOMINATOR,567,,07/01/2020,03/31/2021
33T181,GLEN COVE HOSPITAL,101 ST. ANDREWS LANE,,GLEN COVE,NY,11542,Nassau,(516) 458-9330,2,I_010_04_OBS_CHG_MOBL_SCORE,25.6,,07/01/2020,03/31/2021
33T181,GLEN COVE HOSPITAL,101 ST. ANDREWS LANE,,GLEN COVE,NY,11542,Nassau,(516) 458-9330,2,I_011_04_DENOMINATOR,567,,07/01/2020,03/31/2021
33T181,GLEN COVE HOSPITAL,101 ST. ANDREWS LANE,,GLEN COVE,NY,11542,Nassau,(516) 458-9330,2,I_011_04_NUMERATOR,301,,07/01/2020,03/31/2021
33T181,GLEN COVE HOSPITAL,101 ST. ANDREWS LANE,,GLEN COVE,NY,11542,Nassau,(516) 458-9330,2,I_011_04_OBS_RATE,53.1,,07/01/2020,03/31/2021
33T181,GLEN COVE HOSPITAL,101 ST. ANDREWS LANE,,GLEN COVE,NY,11542,Nassau,(516) 458-9330,2,I_012_04_DENOMINATOR,567,,07/01/2020,03/31/2021
33T181,GLEN COVE HOSPITAL,101 ST. ANDREWS LANE,,GLEN COVE,NY,11542,Nassau,(516) 458-9330,2,I_012_04_NUMERATOR,207,,07/01/2020,03/31/2021
33T181,GLEN COVE HOSPITAL,101 ST. ANDREWS LANE,,GLEN COVE,NY,11542,Nassau,(516) 458-9330,2,I_012_04_OBS_RATE,36.5,,07/01/2020,03/31/2021
33T181,GLEN COVE HOSPITAL,101 ST. ANDREWS LANE,,GLEN COVE,NY,11542,Nassau,(516) 458-9330,2,I_013_01_DENOMINATOR,672,,07/01/2020,03/31/2021
33T181,GLEN COVE HOSPITAL,101 ST. ANDREWS LANE,,GLEN COVE,NY,11542,Nassau,(516) 458-9330,2,I_013_01_NUMERATOR,2,,07/01/2020,03/31/2021
33T181,GLEN COVE HOSPITAL,101 ST. ANDREWS LANE,,GLEN COVE,NY,11542,Nassau,(516) 458-9330,2,I_013_01_OBS_RATE,0.3,,07/01/2020,03/31/2021
33T181,GLEN COVE HOSPITAL,101 ST. ANDREWS LANE,,GLEN COVE,NY,11542,Nassau,(516) 458-9330,2,I_015_01_CI_LOWER,Not Available,6,01/01/2019,12/31/2019
33T181,GLEN COVE HOSPITAL,101 ST. ANDREWS LANE,,GLEN COVE,NY,11542,Nassau,(516) 458-9330,2,I_015_01_CI_UPPER,0.268,,01/01/2019,12/31/2019
33T181,GLEN COVE HOSPITAL,101 ST. ANDREWS LANE,,GLEN COVE,NY,11542,Nassau,(516) 458-9330,2,I_015_01_COMP_PERF,Better than the National Benchmark,,01/01/2019,12/31/2019
33T181,GLEN COVE HOSPITAL,101 ST. ANDREWS LANE,,GLEN COVE,NY,11542,Nassau,(516) 458-9330,2,I_015_01_DOPC_DAYS,21641,,01/01/2019,12/31/2019
33T181,GLEN COVE HOSPITAL,101 ST. ANDREWS LANE,,GLEN COVE,NY,11542,Nassau,(516) 458-9330,2,I_015_01_ELIGCASES,11.167,,01/01/2019,12/31/2019
33T181,GLEN COVE HOSPITAL,101 ST. ANDREWS LANE,,GLEN COVE,NY,11542,Nassau,(516) 458-9330,2,I_015_01_NUMERATOR,0,,01/01/2019,12/31/2019
33T181,GLEN COVE HOSPITAL,101 ST. ANDREWS LANE,,GLEN COVE,NY,11542,Nassau,(516) 458-9330,2,I_015_01_SIR,0.000,,01/01/2019,12/31/2019
33T181,GLEN COVE HOSPITAL,101 ST. ANDREWS LANE,,GLEN COVE,NY,11542,Nassau,(516) 458-9330,2,I_016_01_DENOMINATOR,261,,10/01/2018,03/31/2019
33T181,GLEN COVE HOSPITAL,101 ST. ANDREWS LANE,,GLEN COVE,NY,11542,Nassau,(516) 458-9330,2,I_016_01_NUMERATOR,239,,10/01/2018,03/31/2019
33T181,GLEN COVE HOSPITAL,101 ST. ANDREWS LANE,,GLEN COVE,NY,11542,Nassau,(516) 458-9330,2,I_016_01_OBS_RATE,91.6,,10/01/2018,03/31/2019
33T181,GLEN COVE HOSPITAL,101 ST. ANDREWS LANE,,GLEN COVE,NY,11542,Nassau,(516) 458-9330,2,I_017_01_PPR_PD_COMP_PERF,No Different than the National Rate,,10/01/2017,09/30/2019
33T181,GLEN COVE HOSPITAL,101 ST. ANDREWS LANE,,GLEN COVE,NY,11542,Nassau,(516) 458-9330,2,I_017_01_PPR_PD_OBS,4.25,,10/01/2017,09/30/2019
33T181,GLEN COVE HOSPITAL,101 ST. ANDREWS LANE,,GLEN COVE,NY,11542,Nassau,(516) 458-9330,2,I_017_01_PPR_PD_OBS_READM,37,,10/01/2017,09/30/2019
33T181,GLEN COVE HOSPITAL,101 ST. ANDREWS LANE,,GLEN COVE,NY,11542,Nassau,(516) 458-9330,2,I_017_01_PPR_PD_RSRR,6.37,,10/01/2017,09/30/2019
33T181,GLEN COVE HOSPITAL,101 ST. ANDREWS LANE,,GLEN COVE,NY,11542,Nassau,(516) 458-9330,2,I_017_01_PPR_PD_RSRR_2_5,5.17,,10/01/2017,09/30/2019
33T181,GLEN COVE HOSPITAL,101 ST. ANDREWS LANE,,GLEN COVE,NY,11542,Nassau,(516) 458-9330,2,I_017_01_PPR_PD_RSRR_97_5,7.73,,10/01/2017,09/30/2019
33T181,GLEN COVE HOSPITAL,101 ST. ANDREWS LANE,,GLEN COVE,NY,11542,Nassau,(516) 458-9330,2,I_017_01_PPR_PD_VOLUME,871,,10/01/2017,09/30/2019
33T181,GLEN COVE HOSPITAL,101 ST. ANDREWS LANE,,GLEN COVE,NY,11542,Nassau,(516) 458-9330,2,I_018_01_PPR_WI_COMP_PERF,No Different than the National Rate,,10/01/2017,09/30/2019
33T181,GLEN COVE HOSPITAL,101 ST. ANDREWS LANE,,GLEN COVE,NY,11542,Nassau,(516) 458-9330,2,I_018_01_PPR_WI_OBS,3.99,,10/01/2017,09/30/2019
33T181,GLEN COVE HOSPITAL,101 ST. ANDREWS LANE,,GLEN COVE,NY,11542,Nassau,(516) 458-9330,2,I_018_01_PPR_WI_OBS_READM,39,,10/01/2017,09/30/2019
33T181,GLEN COVE HOSPITAL,101 ST. ANDREWS LANE,,GLEN COVE,NY,11542,Nassau,(516) 458-9330,2,I_018_01_PPR_WI_RSRR,4.28,,10/01/2017,09/30/2019
33T181,GLEN COVE HOSPITAL,101 ST. ANDREWS LANE,,GLEN COVE,NY,11542,Nassau,(516) 458-9330,2,I_018_01_PPR_WI_RSRR_2_5,3.30,,10/01/2017,09/30/2019
33T181,GLEN COVE HOSPITAL,101 ST. ANDREWS LANE,,GLEN COVE,NY,11542,Nassau,(516) 458-9330,2,I_018_01_PPR_WI_RSRR_97_5,5.38,,10/01/2017,09/30/2019
33T181,GLEN COVE HOSPITAL,101 ST. ANDREWS LANE,,GLEN COVE,NY,11542,Nassau,(516) 458-9330,2,I_018_01_PPR_WI_VOLUME,977,,10/01/2017,09/30/2019
33T181,GLEN COVE HOSPITAL,101 ST. ANDREWS LANE,,GLEN COVE,NY,11542,Nassau,(516) 458-9330,2,I_019_02_DTC_COMP_PERF,No Different than the National Rate,,10/01/2017,09/30/2019
33T181,GLEN COVE HOSPITAL,101 ST. ANDREWS LANE,,GLEN COVE,NY,11542,Nassau,(516) 458-9330,2,I_019_02_DTC_NUMBER,560,,10/01/2017,09/30/2019
33T181,GLEN COVE HOSPITAL,101 ST. ANDREWS LANE,,GLEN COVE,NY,11542,Nassau,(516) 458-9330,2,I_019_02_DTC_OBS_RATE,59.13,,10/01/2017,09/30/2019
33T181,GLEN COVE HOSPITAL,101 ST. ANDREWS LANE,,GLEN COVE,NY,11542,Nassau,(516) 458-9330,2,I_019_02_DTC_RS_RATE,63.21,,10/01/2017,09/30/2019
33T181,GLEN COVE HOSPITAL,101 ST. ANDREWS LANE,,GLEN COVE,NY,11542,Nassau,(516) 458-9330,2,I_019_02_DTC_RS_RATE_2_5,60.07,,10/01/2017,09/30/2019
33T181,GLEN COVE HOSPITAL,101 ST. ANDREWS LANE,,GLEN COVE,NY,11542,Nassau,(516) 458-9330,2,I_019_02_DTC_RS_RATE_97_5,66.38,,10/01/2017,09/30/2019
33T181,GLEN COVE HOSPITAL,101 ST. ANDREWS LANE,,GLEN COVE,NY,11542,Nassau,(516) 458-9330,2,I_019_02_DTC_VOLUME,947,,10/01/2017,09/30/2019
33T181,GLEN COVE HOSPITAL,101 ST. ANDREWS LANE,,GLEN COVE,NY,11542,Nassau,(516) 458-9330,2,I_020_01_MSPB_NUMB,795,,10/01/2017,09/30/2019
33T181,GLEN COVE HOSPITAL,101 ST. ANDREWS LANE,,GLEN COVE,NY,11542,Nassau,(516) 458-9330,2,I_020_01_MSPB_SCORE,1.08,,10/01/2017,09/30/2019
33T181,GLEN COVE HOSPITAL,101 ST. ANDREWS LANE,,GLEN COVE,NY,11542,Nassau,(516) 458-9330,2,I_021_01_DENOMINATOR,672,,07/01/2020,03/31/2021
33T181,GLEN COVE HOSPITAL,101 ST. ANDREWS LANE,,GLEN COVE,NY,11542,Nassau,(516) 458-9330,2,I_021_01_NUMERATOR,670,,07/01/2020,03/31/2021
33T181,GLEN COVE HOSPITAL,101 ST. ANDREWS LANE,,GLEN COVE,NY,11542,Nassau,(516) 458-9330,2,I_021_01_OBS_RATE,99.7,,07/01/2020,03/31/2021
33T181,GLEN COVE HOSPITAL,101 ST. ANDREWS LANE,,GLEN COVE,NY,11542,Nassau,(516) 458-9330,2,I_022_01_ADJ_RATE,2.0,,07/01/2020,03/31/2021
33T181,GLEN COVE HOSPITAL,101 ST. ANDREWS LANE,,GLEN COVE,NY,11542,Nassau,(516) 458-9330,2,I_022_01_DENOMINATOR,672,,07/01/2020,03/31/2021
33T181,GLEN COVE HOSPITAL,101 ST. ANDREWS LANE,,GLEN COVE,NY,11542,Nassau,(516) 458-9330,2,I_022_01_NUMERATOR,15,,07/01/2020,03/31/2021
33T181,GLEN COVE HOSPITAL,101 ST. ANDREWS LANE,,GLEN COVE,NY,11542,Nassau,(516) 458-9330,2,I_022_01_OBS_RATE,2.2,,07/01/2020,03/31/2021
33T259,MERCY MEDICAL CENTER,1000 N.VILLAGE AVE.,,ROCKVILLE CENTRE,NY,11570,Nassau,(516) 705-2216,2,I_006_01_CI_LOWER,0.040,,01/01/2019,12/31/2019
33T259,MERCY MEDICAL CENTER,1000 N.VILLAGE AVE.,,ROCKVILLE CENTRE,NY,11570,Nassau,(516) 705-2216,2,I_006_01_CI_UPPER,3.930,,01/01/2019,12/31/2019
33T259,MERCY MEDICAL CENTER,1000 N.VILLAGE AVE.,,ROCKVILLE CENTRE,NY,11570,Nassau,(516) 705-2216,2,I_006_01_COMP_PERF,No Different than the National Benchmark,,01/01/2019,12/31/2019
33T259,MERCY MEDICAL CENTER,1000 N.VILLAGE AVE.,,ROCKVILLE CENTRE,NY,11570,Nassau,(516) 705-2216,2,I_006_01_DOPC_DAYS,536,,01/01/2019,12/31/2019
33T259,MERCY MEDICAL CENTER,1000 N.VILLAGE AVE.,,ROCKVILLE CENTRE,NY,11570,Nassau,(516) 705-2216,2,I_006_01_ELIGCASES,1.255,,01/01/2019,12/31/2019
33T259,MERCY MEDICAL CENTER,1000 N.VILLAGE AVE.,,ROCKVILLE CENTRE,NY,11570,Nassau,(516) 705-2216,2,I_006_01_NUMERATOR,1,,01/01/2019,12/31/2019
33T259,MERCY MEDICAL CENTER,1000 N.VILLAGE AVE.,,ROCKVILLE CENTRE,NY,11570,Nassau,(516) 705-2216,2,I_006_01_SIR,0.797,,01/01/2019,12/31/2019
33T259,MERCY MEDICAL CENTER,1000 N.VILLAGE AVE.,,ROCKVILLE CENTRE,NY,11570,Nassau,(516) 705-2216,2,I_008_02_DENOMINATOR,401,,07/01/2020,03/31/2021
33T259,MERCY MEDICAL CENTER,1000 N.VILLAGE AVE.,,ROCKVILLE CENTRE,NY,11570,Nassau,(516) 705-2216,2,I_008_02_NUMERATOR,401,,07/01/2020,03/31/2021
33T259,MERCY MEDICAL CENTER,1000 N.VILLAGE AVE.,,ROCKVILLE CENTRE,NY,11570,Nassau,(516) 705-2216,2,I_008_02_OBS_RATE,100.0,,07/01/2020,03/31/2021
33T259,MERCY MEDICAL CENTER,1000 N.VILLAGE AVE.,,ROCKVILLE CENTRE,NY,11570,Nassau,(516) 705-2216,2,I_009_04_ADJ_CHG_SFCR_SCORE,7.6,,07/01/2020,03/31/2021
33T259,MERCY MEDICAL CENTER,1000 N.VILLAGE AVE.,,ROCKVILLE CENTRE,NY,11570,Nassau,(516) 705-2216,2,I_009_04_DENOMINATOR,334,,07/01/2020,03/31/2021
33T259,MERCY MEDICAL CENTER,1000 N.VILLAGE AVE.,,ROCKVILLE CENTRE,NY,11570,Nassau,(516) 705-2216,2,I_009_04_OBS_CHG_SFCR_SCORE,8.3,,07/01/2020,03/31/2021
33T259,MERCY MEDICAL CENTER,1000 N.VILLAGE AVE.,,ROCKVILLE CENTRE,NY,11570,Nassau,(516) 705-2216,2,I_010_04_ADJ_CHG_MOBL_SCORE,19.0,,07/01/2020,03/31/2021
33T259,MERCY MEDICAL CENTER,1000 N.VILLAGE AVE.,,ROCKVILLE CENTRE,NY,11570,Nassau,(516) 705-2216,2,I_010_04_DENOMINATOR,334,,07/01/2020,03/31/2021
33T259,MERCY MEDICAL CENTER,1000 N.VILLAGE AVE.,,ROCKVILLE CENTRE,NY,11570,Nassau,(516) 705-2216,2,I_010_04_OBS_CHG_MOBL_SCORE,19.3,,07/01/2020,03/31/2021
33T259,MERCY MEDICAL CENTER,1000 N.VILLAGE AVE.,,ROCKVILLE CENTRE,NY,11570,Nassau,(516) 705-2216,2,I_011_04_DENOMINATOR,334,,07/01/2020,03/31/2021
33T259,MERCY MEDICAL CENTER,1000 N.VILLAGE AVE.,,ROCKVILLE CENTRE,NY,11570,Nassau,(516) 705-2216,2,I_011_04_NUMERATOR,59,,07/01/2020,03/31/2021
33T259,MERCY MEDICAL CENTER,1000 N.VILLAGE AVE.,,ROCKVILLE CENTRE,NY,11570,Nassau,(516) 705-2216,2,I_011_04_OBS_RATE,17.7,,07/01/2020,03/31/2021
33T259,MERCY MEDICAL CENTER,1000 N.VILLAGE AVE.,,ROCKVILLE CENTRE,NY,11570,Nassau,(516) 705-2216,2,I_012_04_DENOMINATOR,334,,07/01/2020,03/31/2021
33T259,MERCY MEDICAL CENTER,1000 N.VILLAGE AVE.,,ROCKVILLE CENTRE,NY,11570,Nassau,(516) 705-2216,2,I_012_04_NUMERATOR,61,,07/01/2020,03/31/2021
33T259,MERCY MEDICAL CENTER,1000 N.VILLAGE AVE.,,ROCKVILLE CENTRE,NY,11570,Nassau,(516) 705-2216,2,I_012_04_OBS_RATE,18.3,,07/01/2020,03/31/2021
33T259,MERCY MEDICAL CENTER,1000 N.VILLAGE AVE.,,ROCKVILLE CENTRE,NY,11570,Nassau,(516) 705-2216,2,I_013_01_DENOMINATOR,401,,07/01/2020,03/31/2021
33T259,MERCY MEDICAL CENTER,1000 N.VILLAGE AVE.,,ROCKVILLE CENTRE,NY,11570,Nassau,(516) 705-2216,2,I_013_01_NUMERATOR,1,,07/01/2020,03/31/2021
33T259,MERCY MEDICAL CENTER,1000 N.VILLAGE AVE.,,ROCKVILLE CENTRE,NY,11570,Nassau,(516) 705-2216,2,I_013_01_OBS_RATE,0.2,,07/01/2020,03/31/2021
33T259,MERCY MEDICAL CENTER,1000 N.VILLAGE AVE.,,ROCKVILLE CENTRE,NY,11570,Nassau,(516) 705-2216,2,I_015_01_CI_LOWER,0.081,,01/01/2019,12/31/2019
33T259,MERCY MEDICAL CENTER,1000 N.VILLAGE AVE.,,ROCKVILLE CENTRE,NY,11570,Nassau,(516) 705-2216,2,I_015_01_CI_UPPER,1.601,,01/01/2019,12/31/2019
33T259,MERCY MEDICAL CENTER,1000 N.VILLAGE AVE.,,ROCKVILLE CENTRE,NY,11570,Nassau,(516) 705-2216,2,I_015_01_COMP_PERF,No Different than the National Benchmark,,01/01/2019,12/31/2019
33T259,MERCY MEDICAL CENTER,1000 N.VILLAGE AVE.,,ROCKVILLE CENTRE,NY,11570,Nassau,(516) 705-2216,2,I_015_01_DOPC_DAYS,11548,,01/01/2019,12/31/2019
33T259,MERCY MEDICAL CENTER,1000 N.VILLAGE AVE.,,ROCKVILLE CENTRE,NY,11570,Nassau,(516) 705-2216,2,I_015_01_ELIGCASES,4.127,,01/01/2019,12/31/2019
33T259,MERCY MEDICAL CENTER,1000 N.VILLAGE AVE.,,ROCKVILLE CENTRE,NY,11570,Nassau,(516) 705-2216,2,I_015_01_NUMERATOR,2,,01/01/2019,12/31/2019
33T259,MERCY MEDICAL CENTER,1000 N.VILLAGE AVE.,,ROCKVILLE CENTRE,NY,11570,Nassau,(516) 705-2216,2,I_015_01_SIR,0.485,,01/01/2019,12/31/2019
33T259,MERCY MEDICAL CENTER,1000 N.VILLAGE AVE.,,ROCKVILLE CENTRE,NY,11570,Nassau,(516) 705-2216,2,I_016_01_DENOMINATOR,142,,10/01/2018,03/31/2019
33T259,MERCY MEDICAL CENTER,1000 N.VILLAGE AVE.,,ROCKVILLE CENTRE,NY,11570,Nassau,(516) 705-2216,2,I_016_01_NUMERATOR,125,,10/01/2018,03/31/2019
33T259,MERCY MEDICAL CENTER,1000 N.VILLAGE AVE.,,ROCKVILLE CENTRE,NY,11570,Nassau,(516) 705-2216,2,I_016_01_OBS_RATE,88.0,,10/01/2018,03/31/2019
33T259,MERCY MEDICAL CENTER,1000 N.VILLAGE AVE.,,ROCKVILLE CENTRE,NY,11570,Nassau,(516) 705-2216,2,I_017_01_PPR_PD_COMP_PERF,No Different than the National Rate,,10/01/2017,09/30/2019
33T259,MERCY MEDICAL CENTER,1000 N.VILLAGE AVE.,,ROCKVILLE CENTRE,NY,11570,Nassau,(516) 705-2216,2,I_017_01_PPR_PD_OBS,5.43,,10/01/2017,09/30/2019
33T259,MERCY MEDICAL CENTER,1000 N.VILLAGE AVE.,,ROCKVILLE CENTRE,NY,11570,Nassau,(516) 705-2216,2,I_017_01_PPR_PD_OBS_READM,45,,10/01/2017,09/30/2019
33T259,MERCY MEDICAL CENTER,1000 N.VILLAGE AVE.,,ROCKVILLE CENTRE,NY,11570,Nassau,(516) 705-2216,2,I_017_01_PPR_PD_RSRR,6.64,,10/01/2017,09/30/2019
33T259,MERCY MEDICAL CENTER,1000 N.VILLAGE AVE.,,ROCKVILLE CENTRE,NY,11570,Nassau,(516) 705-2216,2,I_017_01_PPR_PD_RSRR_2_5,5.41,,10/01/2017,09/30/2019
33T259,MERCY MEDICAL CENTER,1000 N.VILLAGE AVE.,,ROCKVILLE CENTRE,NY,11570,Nassau,(516) 705-2216,2,I_017_01_PPR_PD_RSRR_97_5,8.11,,10/01/2017,09/30/2019
33T259,MERCY MEDICAL CENTER,1000 N.VILLAGE AVE.,,ROCKVILLE CENTRE,NY,11570,Nassau,(516) 705-2216,2,I_017_01_PPR_PD_VOLUME,828,,10/01/2017,09/30/2019
33T259,MERCY MEDICAL CENTER,1000 N.VILLAGE AVE.,,ROCKVILLE CENTRE,NY,11570,Nassau,(516) 705-2216,2,I_018_01_PPR_WI_COMP_PERF,No Different than the National Rate,,10/01/2017,09/30/2019
33T259,MERCY MEDICAL CENTER,1000 N.VILLAGE AVE.,,ROCKVILLE CENTRE,NY,11570,Nassau,(516) 705-2216,2,I_018_01_PPR_WI_OBS,5.32,,10/01/2017,09/30/2019
33T259,MERCY MEDICAL CENTER,1000 N.VILLAGE AVE.,,ROCKVILLE CENTRE,NY,11570,Nassau,(516) 705-2216,2,I_018_01_PPR_WI_OBS_READM,49,,10/01/2017,09/30/2019
33T259,MERCY MEDICAL CENTER,1000 N.VILLAGE AVE.,,ROCKVILLE CENTRE,NY,11570,Nassau,(516) 705-2216,2,I_018_01_PPR_WI_RSRR,5.20,,10/01/2017,09/30/2019
33T259,MERCY MEDICAL CENTER,1000 N.VILLAGE AVE.,,ROCKVILLE CENTRE,NY,11570,Nassau,(516) 705-2216,2,I_018_01_PPR_WI_RSRR_2_5,4.05,,10/01/2017,09/30/2019
33T259,MERCY MEDICAL CENTER,1000 N.VILLAGE AVE.,,ROCKVILLE CENTRE,NY,11570,Nassau,(516) 705-2216,2,I_018_01_PPR_WI_RSRR_97_5,6.59,,10/01/2017,09/30/2019
33T259,MERCY MEDICAL CENTER,1000 N.VILLAGE AVE.,,ROCKVILLE CENTRE,NY,11570,Nassau,(516) 705-2216,2,I_018_01_PPR_WI_VOLUME,921,,10/01/2017,09/30/2019
33T259,MERCY MEDICAL CENTER,1000 N.VILLAGE AVE.,,ROCKVILLE CENTRE,NY,11570,Nassau,(516) 705-2216,2,I_019_02_DTC_COMP_PERF,Worse than the National Rate,,10/01/2017,09/30/2019
33T259,MERCY MEDICAL CENTER,1000 N.VILLAGE AVE.,,ROCKVILLE CENTRE,NY,11570,Nassau,(516) 705-2216,2,I_019_02_DTC_NUMBER,411,,10/01/2017,09/30/2019
33T259,MERCY MEDICAL CENTER,1000 N.VILLAGE AVE.,,ROCKVILLE CENTRE,NY,11570,Nassau,(516) 705-2216,2,I_019_02_DTC_OBS_RATE,45.02,,10/01/2017,09/30/2019
33T259,MERCY MEDICAL CENTER,1000 N.VILLAGE AVE.,,ROCKVILLE CENTRE,NY,11570,Nassau,(516) 705-2216,2,I_019_02_DTC_RS_RATE,48.57,,10/01/2017,09/30/2019
33T259,MERCY MEDICAL CENTER,1000 N.VILLAGE AVE.,,ROCKVILLE CENTRE,NY,11570,Nassau,(516) 705-2216,2,I_019_02_DTC_RS_RATE_2_5,45.45,,10/01/2017,09/30/2019
33T259,MERCY MEDICAL CENTER,1000 N.VILLAGE AVE.,,ROCKVILLE CENTRE,NY,11570,Nassau,(516) 705-2216,2,I_019_02_DTC_RS_RATE_97_5,51.80,,10/01/2017,09/30/2019
33T259,MERCY MEDICAL CENTER,1000 N.VILLAGE AVE.,,ROCKVILLE CENTRE,NY,11570,Nassau,(516) 705-2216,2,I_019_02_DTC_VOLUME,913,,10/01/2017,09/30/2019
33T259,MERCY MEDICAL CENTER,1000 N.VILLAGE AVE.,,ROCKVILLE CENTRE,NY,11570,Nassau,(516) 705-2216,2,I_020_01_MSPB_NUMB,842,,10/01/2017,09/30/2019
33T259,MERCY MEDICAL CENTER,1000 N.VILLAGE AVE.,,ROCKVILLE CENTRE,NY,11570,Nassau,(516) 705-2216,2,I_020_01_MSPB_SCORE,1.14,,10/01/2017,09/30/2019
33T259,MERCY MEDICAL CENTER,1000 N.VILLAGE AVE.,,ROCKVILLE CENTRE,NY,11570,Nassau,(516) 705-2216,2,I_021_01_DENOMINATOR,401,,07/01/2020,03/31/2021
33T259,MERCY MEDICAL CENTER,1000 N.VILLAGE AVE.,,ROCKVILLE CENTRE,NY,11570,Nassau,(516) 705-2216,2,I_021_01_NUMERATOR,399,,07/01/2020,03/31/2021
33T259,MERCY MEDICAL CENTER,1000 N.VILLAGE AVE.,,ROCKVILLE CENTRE,NY,11570,Nassau,(516) 705-2216,2,I_021_01_OBS_RATE,99.5,,07/01/2020,03/31/2021
33T259,MERCY MEDICAL CENTER,1000 N.VILLAGE AVE.,,ROCKVILLE CENTRE,NY,11570,Nassau,(516) 705-2216,2,I_022_01_ADJ_RATE,1.2,,07/01/2020,03/31/2021
33T259,MERCY MEDICAL CENTER,1000 N.VILLAGE AVE.,,ROCKVILLE CENTRE,NY,11570,Nassau,(516) 705-2216,2,I_022_01_DENOMINATOR,400,,07/01/2020,03/31/2021
33T259,MERCY MEDICAL CENTER,1000 N.VILLAGE AVE.,,ROCKVILLE CENTRE,NY,11570,Nassau,(516) 705-2216,2,I_022_01_NUMERATOR,6,,07/01/2020,03/31/2021
33T259,MERCY MEDICAL CENTER,1000 N.VILLAGE AVE.,,ROCKVILLE CENTRE,NY,11570,Nassau,(516) 705-2216,2,I_022_01_OBS_RATE,1.5,,07/01/2020,03/31/2021
33T246,ST CHARLES HOSPITAL,200 BELLE TERRE ROAD,,PORT JEFFERSON,NY,11777,Suffolk,(631) 474-6826,2,I_006_01_CI_LOWER,0.149,,01/01/2019,12/31/2019
33T246,ST CHARLES HOSPITAL,200 BELLE TERRE ROAD,,PORT JEFFERSON,NY,11777,Suffolk,(631) 474-6826,2,I_006_01_CI_UPPER,2.930,,01/01/2019,12/31/2019
33T246,ST CHARLES HOSPITAL,200 BELLE TERRE ROAD,,PORT JEFFERSON,NY,11777,Suffolk,(631) 474-6826,2,I_006_01_COMP_PERF,No Different than the National Benchmark,,01/01/2019,12/31/2019
33T246,ST CHARLES HOSPITAL,200 BELLE TERRE ROAD,,PORT JEFFERSON,NY,11777,Suffolk,(631) 474-6826,2,I_006_01_DOPC_DAYS,983,,01/01/2019,12/31/2019
33T246,ST CHARLES HOSPITAL,200 BELLE TERRE ROAD,,PORT JEFFERSON,NY,11777,Suffolk,(631) 474-6826,2,I_006_01_ELIGCASES,2.255,,01/01/2019,12/31/2019
33T246,ST CHARLES HOSPITAL,200 BELLE TERRE ROAD,,PORT JEFFERSON,NY,11777,Suffolk,(631) 474-6826,2,I_006_01_NUMERATOR,2,,01/01/2019,12/31/2019
33T246,ST CHARLES HOSPITAL,200 BELLE TERRE ROAD,,PORT JEFFERSON,NY,11777,Suffolk,(631) 474-6826,2,I_006_01_SIR,0.887,,01/01/2019,12/31/2019
33T246,ST CHARLES HOSPITAL,200 BELLE TERRE ROAD,,PORT JEFFERSON,NY,11777,Suffolk,(631) 474-6826,2,I_008_02_DENOMINATOR,499,,07/01/2020,03/31/2021
33T246,ST CHARLES HOSPITAL,200 BELLE TERRE ROAD,,PORT JEFFERSON,NY,11777,Suffolk,(631) 474-6826,2,I_008_02_NUMERATOR,499,,07/01/2020,03/31/2021
33T246,ST CHARLES HOSPITAL,200 BELLE TERRE ROAD,,PORT JEFFERSON,NY,11777,Suffolk,(631) 474-6826,2,I_008_02_OBS_RATE,100.0,,07/01/2020,03/31/2021
33T246,ST CHARLES HOSPITAL,200 BELLE TERRE ROAD,,PORT JEFFERSON,NY,11777,Suffolk,(631) 474-6826,2,I_009_04_ADJ_CHG_SFCR_SCORE,9.0,,07/01/2020,03/31/2021
33T246,ST CHARLES HOSPITAL,200 BELLE TERRE ROAD,,PORT JEFFERSON,NY,11777,Suffolk,(631) 474-6826,2,I_009_04_DENOMINATOR,455,,07/01/2020,03/31/2021
33T246,ST CHARLES HOSPITAL,200 BELLE TERRE ROAD,,PORT JEFFERSON,NY,11777,Suffolk,(631) 474-6826,2,I_009_04_OBS_CHG_SFCR_SCORE,10.4,,07/01/2020,03/31/2021
33T246,ST CHARLES HOSPITAL,200 BELLE TERRE ROAD,,PORT JEFFERSON,NY,11777,Suffolk,(631) 474-6826,2,I_010_04_ADJ_CHG_MOBL_SCORE,25.9,,07/01/2020,03/31/2021
33T246,ST CHARLES HOSPITAL,200 BELLE TERRE ROAD,,PORT JEFFERSON,NY,11777,Suffolk,(631) 474-6826,2,I_010_04_DENOMINATOR,455,,07/01/2020,03/31/2021
33T246,ST CHARLES HOSPITAL,200 BELLE TERRE ROAD,,PORT JEFFERSON,NY,11777,Suffolk,(631) 474-6826,2,I_010_04_OBS_CHG_MOBL_SCORE,29.1,,07/01/2020,03/31/2021
33T246,ST CHARLES HOSPITAL,200 BELLE TERRE ROAD,,PORT JEFFERSON,NY,11777,Suffolk,(631) 474-6826,2,I_011_04_DENOMINATOR,455,,07/01/2020,03/31/2021
33T246,ST CHARLES HOSPITAL,200 BELLE TERRE ROAD,,PORT JEFFERSON,NY,11777,Suffolk,(631) 474-6826,2,I_011_04_NUMERATOR,146,,07/01/2020,03/31/2021
33T246,ST CHARLES HOSPITAL,200 BELLE TERRE ROAD,,PORT JEFFERSON,NY,11777,Suffolk,(631) 474-6826,2,I_011_04_OBS_RATE,32.1,,07/01/2020,03/31/2021
33T246,ST CHARLES HOSPITAL,200 BELLE TERRE ROAD,,PORT JEFFERSON,NY,11777,Suffolk,(631) 474-6826,2,I_012_04_DENOMINATOR,455,,07/01/2020,03/31/2021
33T246,ST CHARLES HOSPITAL,200 BELLE TERRE ROAD,,PORT JEFFERSON,NY,11777,Suffolk,(631) 474-6826,2,I_012_04_NUMERATOR,177,,07/01/2020,03/31/2021
33T246,ST CHARLES HOSPITAL,200 BELLE TERRE ROAD,,PORT JEFFERSON,NY,11777,Suffolk,(631) 474-6826,2,I_012_04_OBS_RATE,38.9,,07/01/2020,03/31/2021
33T246,ST CHARLES HOSPITAL,200 BELLE TERRE ROAD,,PORT JEFFERSON,NY,11777,Suffolk,(631) 474-6826,2,I_013_01_DENOMINATOR,499,,07/01/2020,03/31/2021
33T246,ST CHARLES HOSPITAL,200 BELLE TERRE ROAD,,PORT JEFFERSON,NY,11777,Suffolk,(631) 474-6826,2,I_013_01_NUMERATOR,0,,07/01/2020,03/31/2021
33T246,ST CHARLES HOSPITAL,200 BELLE TERRE ROAD,,PORT JEFFERSON,NY,11777,Suffolk,(631) 474-6826,2,I_013_01_OBS_RATE,0.0,,07/01/2020,03/31/2021
33T246,ST CHARLES HOSPITAL,200 BELLE TERRE ROAD,,PORT JEFFERSON,NY,11777,Suffolk,(631) 474-6826,2,I_015_01_CI_LOWER,0.064,,01/01/2019,12/31/2019
33T246,ST CHARLES HOSPITAL,200 BELLE TERRE ROAD,,PORT JEFFERSON,NY,11777,Suffolk,(631) 474-6826,2,I_015_01_CI_UPPER,1.266,,01/01/2019,12/31/2019
33T246,ST CHARLES HOSPITAL,200 BELLE TERRE ROAD,,PORT JEFFERSON,NY,11777,Suffolk,(631) 474-6826,2,I_015_01_COMP_PERF,No Different than the National Benchmark,,01/01/2019,12/31/2019
33T246,ST CHARLES HOSPITAL,200 BELLE TERRE ROAD,,PORT JEFFERSON,NY,11777,Suffolk,(631) 474-6826,2,I_015_01_DOPC_DAYS,13394,,01/01/2019,12/31/2019
33T246,ST CHARLES HOSPITAL,200 BELLE TERRE ROAD,,PORT JEFFERSON,NY,11777,Suffolk,(631) 474-6826,2,I_015_01_ELIGCASES,5.220,,01/01/2019,12/31/2019
33T246,ST CHARLES HOSPITAL,200 BELLE TERRE ROAD,,PORT JEFFERSON,NY,11777,Suffolk,(631) 474-6826,2,I_015_01_NUMERATOR,2,,01/01/2019,12/31/2019
33T246,ST CHARLES HOSPITAL,200 BELLE TERRE ROAD,,PORT JEFFERSON,NY,11777,Suffolk,(631) 474-6826,2,I_015_01_SIR,0.383,,01/01/2019,12/31/2019
33T246,ST CHARLES HOSPITAL,200 BELLE TERRE ROAD,,PORT JEFFERSON,NY,11777,Suffolk,(631) 474-6826,2,I_016_01_DENOMINATOR,158,,10/01/2018,03/31/2019
33T246,ST CHARLES HOSPITAL,200 BELLE TERRE ROAD,,PORT JEFFERSON,NY,11777,Suffolk,(631) 474-6826,2,I_016_01_NUMERATOR,140,,10/01/2018,03/31/2019
33T246,ST CHARLES HOSPITAL,200 BELLE TERRE ROAD,,PORT JEFFERSON,NY,11777,Suffolk,(631) 474-6826,2,I_016_01_OBS_RATE,88.6,,10/01/2018,03/31/2019
33T246,ST CHARLES HOSPITAL,200 BELLE TERRE ROAD,,PORT JEFFERSON,NY,11777,Suffolk,(631) 474-6826,2,I_017_01_PPR_PD_COMP_PERF,No Different than the National Rate,,10/01/2017,09/30/2019
33T246,ST CHARLES HOSPITAL,200 BELLE TERRE ROAD,,PORT JEFFERSON,NY,11777,Suffolk,(631) 474-6826,2,I_017_01_PPR_PD_OBS,4.61,,10/01/2017,09/30/2019
33T246,ST CHARLES HOSPITAL,200 BELLE TERRE ROAD,,PORT JEFFERSON,NY,11777,Suffolk,(631) 474-6826,2,I_017_01_PPR_PD_OBS_READM,44,,10/01/2017,09/30/2019
33T246,ST CHARLES HOSPITAL,200 BELLE TERRE ROAD,,PORT JEFFERSON,NY,11777,Suffolk,(631) 474-6826,2,I_017_01_PPR_PD_RSRR,7.03,,10/01/2017,09/30/2019
33T246,ST CHARLES HOSPITAL,200 BELLE TERRE ROAD,,PORT JEFFERSON,NY,11777,Suffolk,(631) 474-6826,2,I_017_01_PPR_PD_RSRR_2_5,5.69,,10/01/2017,09/30/2019
33T246,ST CHARLES HOSPITAL,200 BELLE TERRE ROAD,,PORT JEFFERSON,NY,11777,Suffolk,(631) 474-6826,2,I_017_01_PPR_PD_RSRR_97_5,8.50,,10/01/2017,09/30/2019
33T246,ST CHARLES HOSPITAL,200 BELLE TERRE ROAD,,PORT JEFFERSON,NY,11777,Suffolk,(631) 474-6826,2,I_017_01_PPR_PD_VOLUME,955,,10/01/2017,09/30/2019
33T246,ST CHARLES HOSPITAL,200 BELLE TERRE ROAD,,PORT JEFFERSON,NY,11777,Suffolk,(631) 474-6826,2,I_018_01_PPR_WI_COMP_PERF,No Different than the National Rate,,10/01/2017,09/30/2019
33T246,ST CHARLES HOSPITAL,200 BELLE TERRE ROAD,,PORT JEFFERSON,NY,11777,Suffolk,(631) 474-6826,2,I_018_01_PPR_WI_OBS,3.60,,10/01/2017,09/30/2019
33T246,ST CHARLES HOSPITAL,200 BELLE TERRE ROAD,,PORT JEFFERSON,NY,11777,Suffolk,(631) 474-6826,2,I_018_01_PPR_WI_OBS_READM,38,,10/01/2017,09/30/2019
33T246,ST CHARLES HOSPITAL,200 BELLE TERRE ROAD,,PORT JEFFERSON,NY,11777,Suffolk,(631) 474-6826,2,I_018_01_PPR_WI_RSRR,4.79,,10/01/2017,09/30/2019
33T246,ST CHARLES HOSPITAL,200 BELLE TERRE ROAD,,PORT JEFFERSON,NY,11777,Suffolk,(631) 474-6826,2,I_018_01_PPR_WI_RSRR_2_5,3.70,,10/01/2017,09/30/2019
33T246,ST CHARLES HOSPITAL,200 BELLE TERRE ROAD,,PORT JEFFERSON,NY,11777,Suffolk,(631) 474-6826,2,I_018_01_PPR_WI_RSRR_97_5,6.07,,10/01/2017,09/30/2019
33T246,ST CHARLES HOSPITAL,200 BELLE TERRE ROAD,,PORT JEFFERSON,NY,11777,Suffolk,(631) 474-6826,2,I_018_01_PPR_WI_VOLUME,1056,,10/01/2017,09/30/2019
33T246,ST CHARLES HOSPITAL,200 BELLE TERRE ROAD,,PORT JEFFERSON,NY,11777,Suffolk,(631) 474-6826,2,I_019_02_DTC_COMP_PERF,Worse than the National Rate,,10/01/2017,09/30/2019
33T246,ST CHARLES HOSPITAL,200 BELLE TERRE ROAD,,PORT JEFFERSON,NY,11777,Suffolk,(631) 474-6826,2,I_019_02_DTC_NUMBER,669,,10/01/2017,09/30/2019
33T246,ST CHARLES HOSPITAL,200 BELLE TERRE ROAD,,PORT JEFFERSON,NY,11777,Suffolk,(631) 474-6826,2,I_019_02_DTC_OBS_RATE,63.90,,10/01/2017,09/30/2019
33T246,ST CHARLES HOSPITAL,200 BELLE TERRE ROAD,,PORT JEFFERSON,NY,11777,Suffolk,(631) 474-6826,2,I_019_02_DTC_RS_RATE,60.04,,10/01/2017,09/30/2019
33T246,ST CHARLES HOSPITAL,200 BELLE TERRE ROAD,,PORT JEFFERSON,NY,11777,Suffolk,(631) 474-6826,2,I_019_02_DTC_RS_RATE_2_5,57.52,,10/01/2017,09/30/2019
33T246,ST CHARLES HOSPITAL,200 BELLE TERRE ROAD,,PORT JEFFERSON,NY,11777,Suffolk,(631) 474-6826,2,I_019_02_DTC_RS_RATE_97_5,62.70,,10/01/2017,09/30/2019
33T246,ST CHARLES HOSPITAL,200 BELLE TERRE ROAD,,PORT JEFFERSON,NY,11777,Suffolk,(631) 474-6826,2,I_019_02_DTC_VOLUME,1047,,10/01/2017,09/30/2019
33T246,ST CHARLES HOSPITAL,200 BELLE TERRE ROAD,,PORT JEFFERSON,NY,11777,Suffolk,(631) 474-6826,2,I_020_01_MSPB_NUMB,901,,10/01/2017,09/30/2019
33T246,ST CHARLES HOSPITAL,200 BELLE TERRE ROAD,,PORT JEFFERSON,NY,11777,Suffolk,(631) 474-6826,2,I_020_01_MSPB_SCORE,0.93,,10/01/2017,09/30/2019
33T246,ST CHARLES HOSPITAL,200 BELLE TERRE ROAD,,PORT JEFFERSON,NY,11777,Suffolk,(631) 474-6826,2,I_021_01_DENOMINATOR,499,,07/01/2020,03/31/2021
33T246,ST CHARLES HOSPITAL,200 BELLE TERRE ROAD,,PORT JEFFERSON,NY,11777,Suffolk,(631) 474-6826,2,I_021_01_NUMERATOR,499,,07/01/2020,03/31/2021
33T246,ST CHARLES HOSPITAL,200 BELLE TERRE ROAD,,PORT JEFFERSON,NY,11777,Suffolk,(631) 474-6826,2,I_021_01_OBS_RATE,100.0,,07/01/2020,03/31/2021
33T246,ST CHARLES HOSPITAL,200 BELLE TERRE ROAD,,PORT JEFFERSON,NY,11777,Suffolk,(631) 474-6826,2,I_022_01_ADJ_RATE,1.4,,07/01/2020,03/31/2021
33T246,ST CHARLES HOSPITAL,200 BELLE TERRE ROAD,,PORT JEFFERSON,NY,11777,Suffolk,(631) 474-6826,2,I_022_01_DENOMINATOR,498,,07/01/2020,03/31/2021
33T246,ST CHARLES HOSPITAL,200 BELLE TERRE ROAD,,PORT JEFFERSON,NY,11777,Suffolk,(631) 474-6826,2,I_022_01_NUMERATOR,6,,07/01/2020,03/31/2021
33T246,ST CHARLES HOSPITAL,200 BELLE TERRE ROAD,,PORT JEFFERSON,NY,11777,Suffolk,(631) 474-6826,2,I_022_01_OBS_RATE,1.2,,07/01/2020,03/31/2021
